{
  "total_pdfs": 2,
  "processed_pdfs": 2,
  "total_pages": 169,
  "total_chunks": 174,
  "start_time": 1731502346.965735,
  "end_time": 1731502360.0971317,
  "processing_time": 13.131396770477295
}