{
  "total_pdfs": 1,
  "processed_pdfs": 1,
  "total_pages": 5,
  "total_chunks": 5,
  "start_time": 1731928790.6099539,
  "end_time": 1731928793.064438,
  "processing_time": 2.454484224319458
}